<?xml version="1.0" encoding="UTF-8"?>

<mule xmlns:file="http://www.mulesoft.org/schema/mule/file" xmlns:http="http://www.mulesoft.org/schema/mule/http" xmlns="http://www.mulesoft.org/schema/mule/core" xmlns:doc="http://www.mulesoft.org/schema/mule/documentation"
	xmlns:spring="http://www.springframework.org/schema/beans" 
	xmlns:xsi="http://www.w3.org/2001/XMLSchema-instance"
	xsi:schemaLocation="http://www.springframework.org/schema/beans http://www.springframework.org/schema/beans/spring-beans-current.xsd
http://www.mulesoft.org/schema/mule/core http://www.mulesoft.org/schema/mule/core/current/mule.xsd
http://www.mulesoft.org/schema/mule/http http://www.mulesoft.org/schema/mule/http/current/mule-http.xsd
http://www.mulesoft.org/schema/mule/file http://www.mulesoft.org/schema/mule/file/current/mule-file.xsd">

    <http:request-config name="RequestConfig"   
            host="${http.req.host}" 
            port="${http.req.port}" 
            basePath="${http.req.basepath}" 
            responseTimeout="${http.req.timeout}" 
            
            doc:name="HTTP Request Configuration">
            
    </http:request-config> 


    <flow name="weather2Flow">

        <poll doc:name="Poll">
            <fixed-frequency-scheduler frequency="${poll.freq.days}" timeUnit="DAYS"/>
            <http:request 
                config-ref="RequestConfig" 
                path="${http.req.path}" 
                method="GET" 
                 
                doc:name="HTTP">
                <http:success-status-code-validator values="200,201"/>
            </http:request>
        </poll>
        
        <byte-array-to-string-transformer doc:name="Byte Array to String"/>
        
        <logger message="Get weather for date ${http.date}" level="INFO" doc:name="Logger"/>
        <file:outbound-endpoint path="${file.path}" outputPattern="${file.name}" responseTimeout="10000" doc:name="File"/>




    </flow>

</mule>
